Energy (eV),IsoM5,IsoM16,IsoS5,IsoS16
1.377602145,99.83461761,99.83390808,97.48905945,97.22018433
1.379134516,99.40536499,99.65913391,96.59386444,96.71918488
1.380670301,98.9183197,99.38214111,96.74373627,96.46762848
1.38220951,98.81876373,99.66832733,96.75967407,96.68967438
1.383752154,99.23526001,99.17382813,96.68749237,96.7924118
1.385298246,98.62307739,99.05007935,96.77890778,96.25115967
1.386847797,99.46094513,99.75645447,96.96128082,96.82516479
1.388400818,99.85533142,99.58541107,97.1991272,97.16249084
1.389957321,99.18621063,99.42854309,96.52293396,96.68131256
1.391517318,99.3163681,99.99066925,96.99251556,96.95977783
1.39308082,99.11392975,99.27082062,96.44864655,96.88994598
1.39464784,99.1523056,99.158638,96.75543976,96.44877625
1.39621839,99.38195038,99.52446747,96.68008423,96.8475647
1.39779248,99.51012421,99.85116577,96.81053162,96.52069855
1.399370124,99.36764526,99.76386261,96.97743225,97.13430786
1.400951333,99.3911438,99.59725189,97.09212494,97.17550659
1.40253612,99.26531219,99.38864136,97.02427673,96.79152679
1.404124496,99.49601746,99.62980652,97.07038116,97.11598206
1.405716474,99.23377228,99.52753448,97.15219116,96.9019928
1.407312066,99.40512085,99.54664612,96.96986389,97.07589722
1.408911284,99.251297,99.56110382,96.90820313,97.07030487
1.410514141,99.25481415,99.57546234,96.88603973,97.14190674
1.412120649,99.13369751,99.45476532,96.84015656,97.00429535
1.413730821,99.52009583,99.70791626,97.33614349,97.29004669
1.415344669,99.29039764,99.37519836,97.15945435,96.82408905
1.416962206,99.25721741,99.25585938,97.01200867,96.75686646
1.418583444,99.22963715,99.58061218,97.12519073,96.98326874
1.420208396,99.34670258,99.56278229,97.28331757,97.24506378
1.421837076,99.06750488,99.54636383,96.90505981,97.0198288
1.423469495,99.55606079,99.55796051,97.23538971,97.29547882
1.425105667,99.11631012,99.23310852,96.94286346,96.95629883
1.426745604,99.08428192,99.17356873,97.05310822,97.03871918
1.42838932,99.3252182,99.46127319,97.23665619,97.11419678
1.430036828,99.40748596,99.42784882,97.19083405,97.14463043
1.431688141,99.23093414,99.50720978,97.16928864,97.23049927
1.433343272,99.32500458,99.48846436,97.19831085,97.13452911
1.435002234,99.34228516,99.43296051,97.15644073,97.1868515
1.436665041,99.31802368,99.49404907,97.24037933,97.17024231
1.438331705,99.26019287,99.33803558,97.16675568,97.08878326
1.440002242,99.06707001,99.26628876,96.98787689,97.03892517
1.441676663,99.19368744,99.35905457,97.13793945,97.19013977
1.443354983,99.16223907,99.40457916,97.0459671,97.24549866
1.445037215,99.22177887,99.28837585,97.17765045,97.12866211
1.446723372,99.2076416,99.42993164,97.16395569,97.11539459
1.44841347,99.22122955,99.52946472,97.17525482,97.1865387
1.450107521,99.18455505,99.37136841,97.26940155,97.23453522
1.451805539,99.15179443,99.35781097,97.17661285,97.15116119
1.453507538,99.20471191,99.42843628,97.27689362,97.29201508
1.455213533,99.1133728,99.44290924,97.24588013,97.23829651
1.456923537,99.17222595,99.36183929,97.19483948,97.15276337
1.458637565,99.25630951,99.43502045,97.2179718,97.22872925
1.46035563,99.14825439,99.35077667,97.19539642,97.21981049
1.462077748,99.17527771,99.34295654,97.24828339,97.31885529
1.463803932,99.29721069,99.39414215,97.3490448,97.32695007
1.465534196,99.23020935,99.43173981,97.33255768,97.32938385
1.467268556,99.19200134,99.36489105,97.21781921,97.24583435
1.469007026,99.1917572,99.44335175,97.32243347,97.33470917
1.470749621,99.21318054,99.40342712,97.25812531,97.29051208
1.472496354,99.18682861,99.32846069,97.38604736,97.30193329
1.474247241,99.22186279,99.45947266,97.35042572,97.33435822
1.476002298,99.12171173,99.35137939,97.28171539,97.29312134
1.477761538,99.12526703,99.39805603,97.28951263,97.33278656
1.479524976,99.1815033,99.34751129,97.30415344,97.33321381
1.481292629,99.14311218,99.35302734,97.23789978,97.31858826
1.48306451,99.13825226,99.31978607,97.2754364,97.30501556
1.484840635,99.11109924,99.33433533,97.35019684,97.34208679
1.486621019,99.24980164,99.4548111,97.40317535,97.42311859
1.488405678,99.09849548,99.30259705,97.31063843,97.27742004
1.490194628,99.09840393,99.33203125,97.33812714,97.33200836
1.491987882,99.12343597,99.38357544,97.41956329,97.43230438
1.493785458,99.07754517,99.2721405,97.32927704,97.30136108
1.49558737,99.15721893,99.3870163,97.35758972,97.44586945
1.497393635,99.09951782,99.36195374,97.4104538,97.43848419
1.499204269,99.09608459,99.34241486,97.41184235,97.39224243
1.501019286,99.1060791,99.36524963,97.4211731,97.37866211
1.502838703,99.16374207,99.42487335,97.40560913,97.4414444
1.504662537,99.12301636,99.35694885,97.44287872,97.37666321
1.506490802,99.08193207,99.34674835,97.42068481,97.46070862
1.508323516,99.07958984,99.34333801,97.37317657,97.44345856
1.510160694,99.07802582,99.35790253,97.38187408,97.38948822
1.512002354,99.0958786,99.33483887,97.4165802,97.43470001
1.51384851,99.09068298,99.33132935,97.38103485,97.42990112
1.515699181,99.12194061,99.40034485,97.41410828,97.46220398
1.517554382,99.09059906,99.26863861,97.47151947,97.44012451
1.51941413,99.08532715,99.22025299,97.4234314,97.43783569
1.521278442,99.07990265,99.28857422,97.45973206,97.46482849
1.523147334,99.10568237,99.34266663,97.43415833,97.47210693
1.525020824,99.10012817,99.3175354,97.43112183,97.45644379
1.526898929,99.03677368,99.21894073,97.35157776,97.47226715
1.528781665,99.06331635,99.2579422,97.40406036,97.45897675
1.530669049,98.98565674,99.21238708,97.35964203,97.4378891
1.5325611,98.99082947,99.24461365,97.42064667,97.46443939
1.534457834,98.96655273,99.20410156,97.44903564,97.46928406
1.536359269,99.06797791,99.29372406,97.44171906,97.51380157
1.538265422,98.96585083,99.27775574,97.431633,97.45010376
1.540176311,98.97557831,99.30186462,97.46656799,97.49092102
1.542091953,99.05307007,99.30399323,97.54386902,97.54567719
1.544012366,98.93078613,99.21576691,97.43244934,97.438797
1.545937569,98.97241211,99.26039124,97.49474335,97.48868561
1.547867578,98.92684937,99.22274017,97.48072815,97.50500488
1.549802413,98.89831543,99.20292664,97.46807861,97.47459412
1.55174209,98.9251709,99.21633911,97.42729187,97.44340515
1.553686629,98.92618561,99.16094971,97.41911316,97.47457886
1.555636048,98.88348389,99.16079712,97.42209625,97.48396301
1.557590364,98.98860931,99.21207428,97.52891541,97.55497742
1.559549598,98.95051575,99.23309326,97.53540802,97.51123047
1.561513766,98.89357758,99.20650482,97.47296906,97.54679108
1.563482888,98.83278656,99.16555786,97.47637177,97.51308441
1.565456982,98.90520477,99.19697571,97.51964569,97.55443573
1.567436068,98.81890869,99.16837311,97.49401855,97.49487305
1.569420165,98.84563446,99.14817047,97.45459747,97.48204041
1.57140929,98.80843353,99.11920929,97.45548248,97.51873779
1.573403465,98.82357025,99.13420868,97.49156189,97.50455475
1.575402707,98.85142517,99.15138245,97.52149963,97.50099945
1.577407036,98.86472321,99.1774826,97.51820374,97.55631256
1.579416471,98.83979034,99.14037323,97.52048492,97.56481171
1.581431033,98.81879425,99.16150665,97.51621246,97.55822754
1.583450741,98.82836914,99.1668396,97.51477051,97.52217102
1.585475614,98.82226563,99.12754059,97.5092926,97.53090668
1.587505672,98.7781601,99.07344818,97.48941803,97.54549408
1.589540936,98.76903534,99.13227844,97.52462006,97.53330994
1.591581425,98.76730347,99.07034302,97.48434448,97.53286743
1.59362716,98.79836273,99.09130096,97.53201294,97.57299042
1.59567816,98.75720978,99.10993958,97.49533844,97.56253052
1.597734446,98.68211365,99.04618835,97.48144531,97.50444031
1.599796039,98.66832733,99.04260254,97.48234558,97.54680634
1.601862959,98.72655487,99.07718658,97.52051544,97.60305023
1.603935227,98.74749756,99.10641479,97.55361938,97.57468414
1.606012863,98.67519379,99.03227997,97.52604675,97.54672241
1.608095889,98.69327545,99.05459595,97.52823639,97.508255
1.610184325,98.66018677,99.05671692,97.4936142,97.54568481
1.612278193,98.66400146,99.02841187,97.47727966,97.52410889
1.614377513,98.65909576,99.04718018,97.49970245,97.53103638
1.616482308,98.63816071,99.05197906,97.51342773,97.54886627
1.618592598,98.6829071,99.00687408,97.56419373,97.55264282
1.620708405,98.62481689,98.9747467,97.50376892,97.5306015
1.622829751,98.64906311,99.01846313,97.55606842,97.59339142
1.624956658,98.5819397,99.00266266,97.51340485,97.50331879
1.627089147,98.5532074,98.95631409,97.48391724,97.55223083
1.629227241,98.53264618,98.93821716,97.48418427,97.53523254
1.631370961,98.59247589,98.98545837,97.52639771,97.54879761
1.63352033,98.58650208,98.99241638,97.55789948,97.52840424
1.63567537,98.53813171,98.95290375,97.50563049,97.52897644
1.637836103,98.52462769,98.9175415,97.52583313,97.48181152
1.640002553,98.52483368,98.93942261,97.47101593,97.52553558
1.642174742,98.50588226,98.91749573,97.49911499,97.4980545
1.644352692,98.52146912,98.92555237,97.53887939,97.5398407
1.646536428,98.52394867,98.89667511,97.51018524,97.54217529
1.648725971,98.46641541,98.88546753,97.5171051,97.52846527
1.650921345,98.4432373,98.82803345,97.45713043,97.48716736
1.653122573,98.43575287,98.88326263,97.52986145,97.50583649
1.65532968,98.38864899,98.83922577,97.49263763,97.49108887
1.657542687,98.42064667,98.86022949,97.48149872,97.52405548
1.65976162,98.41202545,98.85700226,97.49784851,97.50663757
1.661986501,98.41841125,98.87895966,97.52658844,97.53163147
1.664217356,98.41394043,98.8688736,97.52839661,97.53253174
1.666454207,98.45819855,98.87733459,97.53178406,97.56422424
1.66869708,98.34870911,98.86251068,97.49023438,97.52124786
1.670945997,98.40656281,98.86538696,97.52643585,97.53513336
1.673200985,98.33664703,98.77642059,97.46656036,97.49364471
1.675462068,98.37441254,98.79141235,97.52377319,97.55388641
1.677729269,98.33854675,98.80891418,97.49005127,97.55971527
1.680002615,98.26541901,98.76324463,97.50323486,97.51568604
1.68228213,98.26296997,98.74323273,97.48197937,97.5268631
1.68456784,98.27955627,98.76509857,97.48629761,97.53646851
1.686859769,98.31550598,98.81399536,97.54432678,97.55679321
1.689157943,98.28263855,98.79029846,97.53770447,97.55394745
1.691462388,98.25201416,98.75222015,97.5063858,97.52503967
1.693773129,98.23648834,98.7519455,97.5050354,97.525383
1.696090192,98.25002289,98.7305069,97.50380707,97.54964447
1.698413603,98.26642609,98.73725891,97.53910065,97.55258179
1.700743388,98.22543335,98.7053299,97.48551941,97.51528168
1.703079574,98.19454956,98.72019958,97.52089691,97.529953
1.705422187,98.17993927,98.67053986,97.50776672,97.52337646
1.707771254,98.21009064,98.71296692,97.5569458,97.5500946
1.7101268,98.2121048,98.71298981,97.54827881,97.5306015
1.712488854,98.16963196,98.69835663,97.49372864,97.55561066
1.714857441,98.1616745,98.67744446,97.49911499,97.53057098
1.71723259,98.18145752,98.66160583,97.5223465,97.5389328
1.719614327,98.13491058,98.65699768,97.49359894,97.5142746
1.722002681,98.13104248,98.65039063,97.50712585,97.52967834
1.724397677,98.09277344,98.64688873,97.50413513,97.529953
1.726799346,98.12784576,98.64411926,97.52108765,97.50993347
1.729207713,98.11949921,98.65107727,97.51367188,97.53263855
1.731622807,98.12191772,98.66308594,97.51944733,97.53899384
1.734044657,98.07588959,98.64006805,97.51457214,97.51855469
1.736473291,98.10650635,98.62650299,97.50845337,97.51553345
1.738908738,98.10936737,98.62728882,97.51422119,97.51514435
1.741351025,98.0894928,98.61782074,97.52008057,97.51500702
1.743800183,98.08912659,98.62391663,97.53262329,97.53491974
1.74625624,98.08895111,98.63553619,97.5125351,97.50808716
1.748719224,98.05111694,98.59622192,97.49754333,97.5065155
1.751189167,98.14974213,98.62914276,97.58398438,97.59118652
1.753666096,98.05835724,98.61592102,97.49571228,97.51068878
1.756150043,98.04145813,98.60598755,97.50675964,97.50141144
1.758641036,98.05168152,98.616745,97.51410675,97.51789856
1.761139105,98.04624939,98.62605286,97.50460052,97.49974823
1.763644282,98.034935,98.60933685,97.49822235,97.50026703
1.766156596,98.05844116,98.61933899,97.49159241,97.51571655
1.768676077,98.04370117,98.59507751,97.50411987,97.51222992
1.771202757,98.0798645,98.64154816,97.5317688,97.53684998
1.773736667,98.07131195,98.62130737,97.54389191,97.54341125
1.776277837,98.05091858,98.63053894,97.54647827,97.53845978
1.778826299,98.06067657,98.62940979,97.5265274,97.54694366
1.781382083,98.05223846,98.66279602,97.53911591,97.54669952
1.783945223,98.04652405,98.63895416,97.51947784,97.53716278
1.786515749,98.04177856,98.62844086,97.51898193,97.5317688
1.789093694,98.04022217,98.63175964,97.53439331,97.55392456
1.79167909,98.05530548,98.63096619,97.53171539,97.55207062
1.794271968,98.05860901,98.65696716,97.53574371,97.57476807
1.796872362,98.07672119,98.65796661,97.53612518,97.55795288
1.799480305,98.05800629,98.63321686,97.51319122,97.56116486
1.802095829,98.06580353,98.65543365,97.53440094,97.55189514
1.804718967,98.09361267,98.65325928,97.53119659,97.5810318
1.807349752,98.10971069,98.64490509,97.5532608,97.58411407
1.809988219,98.08807373,98.65853119,97.53796387,97.56302643
1.812634401,98.10718536,98.6595993,97.56039429,97.5667572
1.815288331,98.09545135,98.66719055,97.5475769,97.55732727
1.817950044,98.0921936,98.65833282,97.56234741,97.58309174
1.820619574,98.11362457,98.6844101,97.54825592,97.57632446
1.823296956,98.1031189,98.68217468,97.52779388,97.587883
1.825982224,98.09213257,98.65888977,97.55770874,97.54194641
1.828675413,98.14625549,98.68915558,97.57746124,97.59642029
1.831376558,98.20014191,98.75802612,97.60176849,97.63977814
1.834085695,98.13419342,98.67536926,97.55137634,97.57454681
1.836802859,98.13071442,98.68502808,97.53800964,97.55866241
1.839528086,98.18100739,98.74198151,97.5677948,97.59937286
1.842261412,98.15952301,98.69739532,97.54727173,97.56141663
1.845002872,98.2498703,98.7155304,97.6228714,97.66150665
1.847752504,98.18781281,98.71648407,97.56420898,97.5738678
1.850510343,98.19358826,98.71495819,97.54927063,97.57288361
1.853276428,98.1812439,98.7264328,97.54127502,97.57837677
1.856050794,98.20967102,98.74407959,97.55436707,97.56332397
1.858833478,98.20560455,98.72850037,97.56352234,97.57673645
1.86162452,98.22770691,98.74200439,97.54350281,97.56502533
1.864423955,98.2256012,98.73298645,97.53513336,97.55801392
1.867231822,98.24827576,98.76628113,97.55348206,97.56996155
1.87004816,98.23246002,98.76287079,97.53309631,97.56156921
1.872873006,98.22994232,98.7347641,97.52057648,97.55289459
1.8757064,98.25572968,98.76893616,97.533638,97.55308533
1.878548379,98.26530457,98.78701782,97.5411377,97.57307434
1.881398983,98.29544067,98.77311707,97.53605652,97.56716156
1.884258252,98.28709412,98.79429626,97.53034973,97.5632019
1.887126225,98.28974152,98.78598022,97.53222656,97.56171417
1.890002942,98.28007507,98.79058838,97.53081512,97.53969574
1.892888443,98.30203247,98.81687927,97.51547241,97.55236816
1.895782768,98.33618164,98.82450867,97.53495789,97.56367493
1.898685957,98.31848145,98.78600311,97.51277161,97.55101776
1.901598052,98.33023071,98.80704498,97.52844238,97.54535675
1.904519094,98.35686493,98.82118988,97.51514435,97.54017639
1.907449123,98.34603119,98.82563019,97.52602386,97.53279877
1.910388182,98.35733032,98.81050873,97.50856018,97.51926422
1.913336312,98.36914825,98.83248901,97.50440979,97.52791595
1.916293555,98.37457275,98.84608459,97.5116272,97.52576447
1.919259954,98.38245392,98.83764648,97.49797058,97.50428009
1.922235551,98.36649323,98.83708191,97.4858017,97.48792267
1.925220388,98.39983368,98.83975983,97.48594666,97.4944458
1.92821451,98.39714813,98.85716248,97.49034882,97.4923172
1.93121796,98.41711426,98.86223602,97.48542023,97.49861145
1.93423078,98.42495728,98.87129974,97.47187805,97.48959351
1.937253016,98.42308044,98.8491745,97.45912933,97.48455048
1.940284711,98.43675995,98.86309814,97.46751404,97.49000549
1.943325909,98.43505096,98.87091064,97.46115112,97.47512817
1.946376656,98.43291473,98.87323761,97.44529724,97.47756958
1.949436997,98.47133636,98.89255524,97.46024323,97.47924805
1.952506977,98.42551422,98.88277435,97.42806244,97.45018768
1.955586641,98.46776581,98.90336609,97.4417038,97.47465515
1.958676035,98.46359253,98.8980484,97.41928864,97.45866394
1.961775206,98.46659851,98.89186859,97.42059326,97.44906616
1.9648842,98.48203278,98.91336823,97.42185211,97.44880676
1.968003064,98.47058105,98.90573883,97.41107941,97.44198608
1.971131844,98.49565887,98.90606689,97.40062714,97.42581177
1.974270589,98.49416351,98.92015076,97.39952087,97.41212463
1.977419346,98.49488068,98.92042542,97.38811493,97.42144012
1.980578163,98.50405884,98.92404938,97.37490845,97.41598511
1.983747088,98.51721191,98.92233276,97.38084412,97.40390015
1.98692617,98.52593231,98.94042969,97.36724854,97.41190338
1.990115458,98.53282928,98.94168091,97.36296082,97.39116669
1.993315,98.53288269,98.93923187,97.34033203,97.37841797
1.996524847,98.54675293,98.945755,97.34439087,97.3627243
1.999745049,98.54316711,98.96233368,97.34937286,97.35948181
2.002975654,98.56026459,98.96305847,97.32380676,97.36419678
2.006216715,98.56506348,98.97083282,97.32800293,97.34736633
2.009468282,98.56626892,98.97422791,97.31509399,97.33425903
2.012730406,98.58122253,98.96868896,97.30162048,97.33542633
2.016003138,98.58236694,98.97609711,97.27941132,97.30428314
2.019286531,98.59090424,98.98194122,97.28282928,97.3052063
2.022580636,98.5963974,98.99105072,97.26929474,97.30641174
2.025885507,98.60959625,98.99216461,97.26042175,97.28649139
2.029201195,98.61264038,98.98282623,97.23103333,97.24291229
2.032527754,98.61715698,98.98922729,97.21707153,97.24712372
2.035865238,98.62866211,99.00244141,97.20160675,97.22732544
2.039213701,98.6521225,99.01950073,97.21435547,97.23068237
2.042573196,98.61649323,99.00441742,97.16365814,97.18004608
2.045943779,98.62201691,99.01232147,97.15232086,97.16377258
2.049325504,98.64257813,99.00762177,97.13160706,97.14968109
2.052718427,98.64849091,99.0087204,97.12056732,97.14115143
2.056122604,98.62303925,99.00366974,97.1352005,97.1554184
2.05953809,98.65091705,99.02487183,97.092453,97.10469818
2.062964942,98.67279053,99.04096985,97.0788269,97.0956955
2.066403217,98.67775726,99.02816772,97.06179047,97.07416534
2.069852972,98.6836319,99.04092407,97.04421997,97.05455017
2.073314264,98.68184662,99.02881622,97.01490784,97.02896881
2.076787153,98.68270111,99.04044342,97.0127182,97.03676605
2.080271695,98.69552612,99.04039001,96.99953461,97.00880432
2.08376795,98.69309998,99.0506897,96.99280548,97.01091766
2.087275977,98.70876312,99.05678558,96.99002838,96.98886871
2.090795835,98.7157135,99.05944824,96.95972443,96.9655838
2.094327585,98.72111511,99.06460571,96.95935059,96.9627533
2.097871286,98.71604919,99.05440521,96.93645477,96.95036316
2.101427,98.71759033,99.06352997,96.93102264,96.92902374
2.104994788,98.71988678,99.07494354,96.91888428,96.923172
2.108574711,98.74037933,99.08491516,96.9884491,96.98531342
2.112166832,98.74252319,99.09600067,96.9080658,96.90389252
2.115771212,98.74743652,99.09134674,96.8884964,96.89452362
2.119387915,98.74282074,99.08852386,96.8695755,96.86819458
2.123017004,98.73708344,99.08685303,96.83825684,96.84506989
2.126658542,98.83667755,99.19195557,96.93257904,96.93478394
2.130312595,98.75250244,99.10385132,96.81700134,96.82408905
2.133979226,98.75770569,99.11430359,96.82270813,96.80392456
2.1376585,98.7620163,99.09996033,96.76839447,96.78028107
2.141350484,98.76554871,99.10758209,96.76465607,96.7589035
2.145055242,98.78333282,99.12921906,96.74397278,96.75263214
2.148772842,98.76686096,99.10740662,96.710495,96.71723938
2.152503351,98.77799988,99.11932373,96.69940186,96.69747162
2.156246835,98.81517792,99.15942383,96.7028656,96.70067596
2.160003363,98.79551697,99.13636017,96.66768646,96.65753937
2.163773002,98.79296112,99.13105774,96.62958527,96.62678528
2.167555822,98.79859924,99.13211823,96.61862946,96.59522247
2.171351892,98.79318237,99.12464905,96.58305359,96.58096313
2.175161281,98.81316376,99.13724518,96.56079102,96.55336761
2.17898406,98.7743988,99.11530304,96.52557373,96.51464844
2.182820299,98.81063843,99.14321899,96.53232574,96.51515961
2.186670071,98.81358337,99.13352203,96.49900055,96.47705078
2.190533445,98.80827332,99.11739349,96.48043823,96.44303131
2.194410496,98.8086319,99.14685822,96.45249939,96.43460846
2.198301294,98.7950592,99.1232605,96.44412994,96.41442871
2.202205915,98.81394196,99.14053345,96.43792725,96.39690399
2.206124431,98.82792664,99.14442444,96.43527985,96.39917755
2.210056916,98.83813477,99.14681244,96.40725708,96.37392426
2.214003447,98.83573914,99.15678406,96.39566803,96.36235046
2.217964097,98.85625458,99.16671753,96.41530609,96.38827515
2.221938943,98.83877563,99.15101624,96.39051819,96.35594177
2.225928061,98.84664917,99.14949799,96.3922348,96.33862305
2.229931529,98.85188293,99.15769958,96.38184357,96.34801483
2.233949424,98.85288239,99.17604065,96.3837204,96.35922241
2.237981823,98.85407257,99.15918732,96.36572266,96.33409119
2.242028807,98.81376648,99.12216949,96.34297943,96.32334137
2.246090453,98.87224579,99.18835449,96.40027618,96.3736496
2.250166842,98.85061646,99.16087341,96.37078857,96.34843445
2.254258055,98.88317108,99.17882538,96.36858368,96.35528564
2.258364171,98.87754059,99.17446899,96.38286591,96.35742188
2.262485274,98.87802124,99.18080902,96.37900543,96.34985352
2.266621444,98.8591156,99.18286896,96.34498596,96.33935547
2.270772766,98.87627411,99.1653595,96.34900665,96.34416962
2.274939321,98.87497711,99.19306946,96.34064484,96.33469391
2.279121195,98.88115692,99.1858139,96.32564545,96.32106018
2.283318472,98.88824463,99.17086792,96.31459045,96.30753326
2.287531236,98.88541412,99.18622589,96.30975342,96.29075623
2.291759575,98.87728882,99.17734528,96.28914642,96.26727295
2.296003574,98.87506104,99.18585968,96.28076172,96.23854828
2.300263321,98.8975296,99.19045258,96.27581787,96.24584961
2.304538904,98.89687347,99.17909241,96.24725342,96.24024963
2.30883041,98.89182281,99.19446564,96.24141693,96.20256042
2.313137929,98.89080048,99.1989212,96.22309113,96.18793488
2.317461552,98.88767242,99.17995453,96.19992828,96.16736603
2.321801367,98.87636566,99.18685913,96.17882538,96.13514709
2.326157467,98.89356232,99.19459534,96.16078186,96.13513947
2.330529944,98.89980316,99.1932373,96.15358734,96.10902405
2.334918889,98.90748596,99.19569397,96.12645721,96.10108948
2.339324396,98.90809631,99.19706726,96.12508392,96.08037567
2.34374656,98.88388824,99.19821167,96.08835602,96.0507431
2.348185474,98.899086,99.1905899,96.08860016,96.04829407
2.352641234,98.91470337,99.19539642,96.07653046,96.03718567
2.357113936,98.89108276,99.19069672,96.06463623,96.02384186
2.361603676,98.90357971,99.1877594,96.0517807,96.00008392
2.366110554,98.90492249,99.20238495,96.04335022,96.00914001
2.370634666,98.90252686,99.20556641,96.03760529,96.0058136
2.375176111,98.89285278,99.19295502,96.01550293,95.97293091
2.379734991,98.91075134,99.18578339,95.99436188,95.9622345
2.384311404,98.90283966,99.19921112,95.99072266,95.96172333
2.388905453,98.902771,99.21320343,95.99271393,95.96625519
2.39351724,98.92108154,99.20327759,96.00172424,95.9575882
2.398146867,98.91120148,99.18975067,95.98355103,95.93027496
2.402794438,98.90931702,99.1968689,95.95674133,95.91359711
2.407460058,98.90078735,99.21182251,96.03027344,95.99932861
2.412143833,98.98181915,99.23306274,96.01655579,95.98706055
2.416845868,98.90951538,99.19778442,95.90487671,95.88931274
2.42156627,98.89584351,99.19542694,95.90286255,95.88536835
2.426305147,98.91091919,99.2168045,95.89759064,95.88090515
2.431062608,98.90935516,99.20862579,95.89313507,95.84857941
2.435838762,98.9731369,99.28003693,95.93412781,95.89341736
2.440633721,98.91239166,99.20870209,95.85414886,95.82500458
2.445447594,98.91996765,99.21935272,95.83340454,95.80200958
2.450280494,98.89936066,99.19836426,95.80147552,95.76688385
2.455132535,98.89818573,99.20915985,95.79336548,95.7542572
2.46000383,98.90475464,99.20774078,95.77389526,95.73265076
2.464894493,98.9072876,99.22322083,95.76674652,95.7230072
2.469804642,98.90325928,99.21276093,95.7403183,95.69348907
2.474734391,98.8923645,99.20797729,95.71723938,95.66508484
2.47968386,98.90648651,99.19692993,95.71658325,95.66284943
2.484653167,98.88414001,99.20106506,95.693367,95.66739655
2.48964243,98.88983917,99.20703888,95.70024109,95.65332794
2.494651771,98.9118042,99.20810699,95.68274689,95.65402985
2.499681311,98.88078308,99.19664001,95.66562653,95.63287354
2.504731172,98.87186432,99.18462372,95.64357758,95.5936203
2.509801478,98.87989807,99.19989014,95.66531372,95.62985992
2.514892353,98.8699646,99.19832611,95.65960693,95.63593292
2.520003923,98.89072418,99.18294525,95.6503067,95.62007141
2.525136314,98.89115906,99.18881989,95.67539215,95.64832306
2.530289653,98.87528229,99.19661713,95.66558838,95.63544464
2.53546407,98.88208771,99.18090057,95.68172455,95.63526154
2.540659693,98.86448669,99.18907166,95.68426514,95.63646698
2.545876653,98.87492371,99.18612671,95.68754578,95.64963531
2.551115082,98.87800598,99.18161774,95.68766785,95.65604401
2.556375114,98.86608887,99.18797302,95.70054626,95.68174744
2.56165688,98.87878418,99.19615173,95.70059967,95.67276001
2.566960518,98.87584686,99.18131256,95.7124939,95.67810822
2.572286162,98.92701721,99.23277283,95.76983643,95.72367096
2.57763395,98.87309265,99.20257568,95.72148132,95.69223785
2.583004021,98.85912323,99.19176483,95.7073288,95.66686249
2.588396514,98.86075592,99.17761993,95.70298767,95.66203308
2.593811569,98.860672,99.18570709,95.67864227,95.65203857
2.599249329,98.8682251,99.17195129,95.67398071,95.65136719
2.604709937,98.85203552,99.17105103,95.6697464,95.62483215
2.610193537,98.86453247,99.19506073,95.6891861,95.64154816
2.615700274,98.87132263,99.18123627,95.67386627,95.63428497
2.621230296,98.84501648,99.17131805,95.64922333,95.6200943
2.62678375,98.83249664,99.15010834,95.64115906,95.59575653
2.632360786,98.82530975,99.14488983,95.63153839,95.60396576
2.637961553,98.8303299,99.14293671,95.64434052,95.59524536
2.643586205,98.82073212,99.12156677,95.63444519,95.6081543
2.649234893,98.8069458,99.13868713,95.66399384,95.60392761
2.654907773,98.8347702,99.17263794,95.67853546,95.65468597
2.660605,98.83995819,99.151474,95.68167114,95.64852905
2.666326731,98.81362915,99.13265991,95.66635895,95.65396881
2.672073125,98.79542542,99.12930298,95.67559052,95.66858673
2.677844341,98.82041168,99.15467834,95.7302475,95.71002197
2.683640541,98.79634094,99.11496735,95.70327759,95.6735611
2.689461887,98.79101563,99.12072754,95.71195984,95.70923615
2.695308544,98.77548981,99.12385559,95.73583984,95.72225952
2.701180676,98.7710495,99.12637329,95.73677826,95.72858429
2.70707845,98.75632477,99.10314941,95.73866272,95.72199249
2.713002035,98.77135468,99.12198639,95.77000427,95.73371887
2.718951601,98.76270294,99.11650085,95.77488708,95.76276398
2.724927319,98.76529694,99.10706329,95.77518463,95.75210571
2.730929361,98.741745,99.09068298,95.75330353,95.73841858
2.736957903,98.74824524,99.09568024,95.75847626,95.75564575
2.74301312,98.73944092,99.08900452,95.76580811,95.77276611
2.749095189,98.72528076,99.07686615,95.74811554,95.73374939
2.755204289,98.71985626,99.08126068,95.75010681,95.74365234
2.761340602,98.72186279,99.06323242,95.76186371,95.74837494
2.767504308,98.71778107,99.05213165,95.74700928,95.74796295
2.773695593,98.69245911,99.04290009,95.73753357,95.73374176
2.779914641,98.68669128,99.06111908,95.74639893,95.73014069
2.786161641,98.6901474,99.04798889,95.75545502,95.73040771
2.792436779,98.67429352,99.05703735,95.74763489,95.72531891
2.798740249,98.67511749,99.04620361,95.73433685,95.72151947
2.80507224,98.66928101,99.03249359,95.73832703,95.74751282
2.811432948,98.65356445,99.02598572,95.73397827,95.71522522
2.817822568,98.62779236,99.00925446,95.72299194,95.70082092
2.824241299,98.6297226,99.01891327,95.74207306,95.73027802
2.830689338,98.61478424,99.00533295,95.7285614,95.71933746
2.837166888,98.61792755,98.99794769,95.73835754,95.7454834
2.843674152,98.58426666,98.96886444,95.73266602,95.71975708
2.850211334,98.58293152,98.98016357,95.72521973,95.72720337
2.856778641,98.56797791,98.96975708,95.72583008,95.72850037
2.863376282,98.56617737,98.96419525,95.74679565,95.7281189
2.870004468,98.55879974,98.96612549,95.75354767,95.7281723
2.876663411,98.52661133,98.94738007,95.71006775,95.70429993
2.883353326,98.54924011,98.96134949,95.741745,95.73927307
2.890074429,98.51353455,98.93618774,95.72145081,95.72373962
2.896826939,98.49594116,98.93569946,95.7438736,95.7219162
2.903611077,98.47268677,98.90016937,95.7061615,95.70515442
2.910427066,98.44084167,98.88610077,95.68723297,95.6882019
2.91727513,98.46109772,98.89713287,95.71891785,95.71231079
2.924155496,98.41312408,98.85851288,95.6836853,95.68850708
2.931068393,98.41101837,98.86486053,95.68519592,95.69010925
2.938014052,98.40219879,98.84688568,95.6842041,95.68099976
2.944992708,98.35578156,98.83120728,95.65337372,95.65356445
2.952004595,98.35856628,98.81552887,95.6706543,95.66191101
2.959049952,98.33331299,98.80186462,95.65016937,95.66429901
2.966129019,98.31906891,98.80225372,95.6607132,95.65103912
2.973242039,98.29022217,98.78749847,95.63990021,95.65113831
2.980389255,98.3290863,98.80735779,95.6579895,95.6616745
2.987570916,98.28539276,98.76200867,95.62272644,95.65057373
2.994787271,98.26928711,98.76025391,95.63310242,95.63551331
3.002038572,98.2570343,98.75450897,95.63809967,95.62722778
3.009325073,98.2202301,98.72800446,95.60038757,95.60645294
3.016647032,98.21422577,98.71986389,95.60690308,95.61100006
3.024004708,98.20856476,98.73761749,95.60153198,95.61307526
3.031398362,98.15725708,98.68893433,95.57300568,95.56999207
3.03882826,98.1383667,98.67233276,95.55125427,95.54489899
3.046294669,98.12903595,98.67829895,95.54201508,95.53512573
3.053797857,98.09075928,98.66854095,95.606987,95.60283661
3.061338099,98.14541626,98.64205933,95.57299042,95.59025574
3.068915669,98.07865906,98.63755798,95.51729584,95.4882431
3.076530844,98.0428009,98.61891174,95.49562073,95.47387695
3.084183906,98.04528809,98.63511658,95.50082397,95.48191071
3.091875137,98.00922394,98.59056091,95.44049835,95.43829346
3.099604825,97.9957962,98.60391235,95.42888641,95.42953491
3.107373258,97.99145508,98.58190155,95.43753052,95.4329071
3.115180729,97.97115326,98.58236694,95.39257813,95.38194275
3.123027532,97.97525024,98.57035828,95.37910461,95.37960052
3.130913965,97.97602844,98.57912445,95.37171936,95.35752869
3.138840329,97.95393372,98.58001709,95.37006378,95.36425018
3.146806929,97.96795654,98.55070496,95.34705353,95.31583405
3.154814071,97.96379089,98.57363129,95.32997894,95.31997681
3.162862067,97.96605682,98.55630493,95.27157593,95.2927475
3.170951228,97.96105957,98.55885315,95.26296234,95.25093079
3.179081872,98.00109863,98.60857391,95.27545166,95.27121735
3.187254319,97.93742371,98.54775238,95.20748138,95.20685577
3.195468892,97.95228577,98.5424881,95.18649292,95.17133331
3.203725918,97.9596405,98.56382751,95.17359161,95.18412018
3.212025726,97.96086884,98.57361603,95.17889404,95.19217682
3.22036865,97.9462204,98.54924774,95.13333893,95.11829376
3.228755026,97.93791199,98.54814911,95.09132385,95.10131836
3.237185196,97.93999481,98.56158447,95.05180359,95.05895233
3.245659503,97.91994476,98.52718353,95.02823639,94.98025513
3.254178294,97.94168091,98.54957581,95.02394104,95.02000427
3.262741921,97.94312286,98.53609467,94.98054504,94.96303558
3.271350739,97.9309082,98.52198792,94.97880554,94.96059418
3.280005106,97.92430115,98.53742218,94.91435242,94.87680054
3.288705385,97.91216278,98.53159332,94.87349701,94.84757233
3.297451942,97.92145538,98.51226807,94.83992004,94.80783844
3.306245147,97.92376709,98.55341339,94.79882813,94.78374481
3.315085375,97.9120636,98.53196716,94.79213715,94.76848602
3.323973003,97.90778351,98.54871368,94.72761536,94.74344635
3.332908414,97.93904114,98.52184296,94.69973755,94.68354797
3.341891995,97.97801208,98.56776428,94.69155884,94.66945648
3.350924135,97.91374207,98.53657532,94.61665344,94.61748505
3.360005231,97.92713165,98.56277466,94.65932465,94.62402344
3.36913568,97.95199585,98.5592804,94.60874176,94.59197235
3.378315886,97.93017578,98.56310272,94.58558655,94.56000519
3.387546257,97.94329071,98.53061676,94.54502869,94.50704956
3.396827206,98.01541138,98.60565948,94.5951767,94.57749939
3.406159149,97.95832825,98.53092957,94.50556946,94.50998688
3.415542507,97.99095917,98.53603363,94.44056702,94.45930481
3.424977707,98.00193024,98.62886047,94.53385162,94.48657227
3.43446518,97.948349,98.59567261,94.42948914,94.47711945
3.444005361,97.98358917,98.5321579,94.36832428,94.38486481
3.453598691,97.97634888,98.51301575,94.34873199,94.32238007
3.463245615,97.98882294,98.56666565,94.36894989,94.3530426
3.472946583,97.99165344,98.55541992,94.2933197,94.27838135
3.482702051,97.97751617,98.5287323,94.24015045,94.21881104
3.492512479,98.01442719,98.57247162,94.23573303,94.26348114
3.502378334,97.9928894,98.54209137,94.24132538,94.19193268
3.512300085,97.93358612,98.57535553,94.15624237,94.17771912
3.52227821,97.95173645,98.5422287,94.217453,94.14890289
3.532313191,98.00302124,98.6115036,94.12742615,94.10144806
3.542405515,97.91475677,98.4617157,94.04413605,94.03922272
